Index,Chr_N,Chr_arm,Chr_band,Start,End,Chr,Band,Plot_status,Fragile_site,Chromatin_code,,
1,1,1,36.33,0,2300000,chr1,p36.33,gneg,,,,
2,1,1,36.32,2300000,5400000,chr1,p36.32,gpos25,,,,
3,1,1,36.31,5400000,7200000,chr1,p36.31,gneg,,,,
4,1,1,36.23,7200000,9200000,chr1,p36.23,gpos25,,,,
5,1,1,36.22,9200000,12700000,chr1,p36.22,gneg,,,,
6,1,1,36.21,12700000,16200000,chr1,p36.21,gpos50,,,,
7,1,1,36.13,16200000,20400000,chr1,p36.13,gneg,,,,
8,1,1,36.12,20400000,23900000,chr1,p36.12,gpos25,,,,
9,1,1,36.11,23900000,28000000,chr1,p36.11,gneg,,,,
10,1,1,35.3,28000000,30200000,chr1,p35.3,gpos25,,,,
11,1,1,35.2,30200000,32400000,chr1,p35.2,gneg,,,,
12,1,1,35.1,32400000,34600000,chr1,p35.1,gpos25,,,,
13,1,1,34.3,34600000,40100000,chr1,p34.3,gneg,,,,
14,1,1,34.2,40100000,44100000,chr1,p34.2,gpos25,,,,
15,1,1,34.1,44100000,46800000,chr1,p34.1,gneg,,,,
16,1,1,33,46800000,50700000,chr1,p33,gpos75,,,,
17,1,1,32.3,50700000,56100000,chr1,p32.3,gneg,,,,
18,1,1,32.2,56100000,59000000,chr1,p32.2,gpos50,,,,
19,1,1,32.1,59000000,61300000,chr1,p32.1,gneg,,,,
20,1,1,31.3,61300000,68900000,chr1,p31.3,gpos50,,,,
21,1,1,31.2,68900000,69700000,chr1,p31.2,gneg,,,,
22,1,1,31.1,69700000,84900000,chr1,p31.1,gpos100,,,,
23,1,1,22.3,84900000,88400000,chr1,p22.3,gneg,,,,
24,1,1,22.2,88400000,92000000,chr1,p22.2,gpos75,,,,
25,1,1,22.1,92000000,94700000,chr1,p22.1,gneg,,,,
26,1,1,21.3,94700000,99700000,chr1,p21.3,gpos75,,,,
27,1,1,21.2,99700000,102200000,chr1,p21.2,gneg,,,,
28,1,1,21.1,102200000,107200000,chr1,p21.1,gpos100,,,,
29,1,1,13.3,107200000,111800000,chr1,p13.3,gneg,,,,acen centromere
30,1,1,13.2,111800000,116100000,chr1,p13.2,gpos50,,,,
31,1,1,13.1,116100000,117800000,chr1,p13.1,gneg,,,,
32,1,1,12,117800000,120600000,chr1,p12,gpos50,,,,
33,1,1,11.2,120600000,121500000,chr1,p11.2,gneg,,,,
34,1,1,11.1,121500000,125000000,chr1,p11.1,acen,,,,
35,1,2,11,125000000,128900000,chr1,q11,acen,,,,
36,1,2,12,128900000,142600000,chr1,q12,gvar,,,,
37,1,2,21.1,142600000,147000000,chr1,q21.1,gneg,,,,
38,1,2,21.2,147000000,150300000,chr1,q21.2,gpos50,,,,
39,1,2,21.3,150300000,155000000,chr1,q21.3,gneg,,,,
40,1,2,22,155000000,156500000,chr1,q22,gpos50,,,,
41,1,2,23.1,156500000,159100000,chr1,q23.1,gneg,,,,
42,1,2,23.2,159100000,160500000,chr1,q23.2,gpos50,,,,
43,1,2,23.3,160500000,165500000,chr1,q23.3,gneg,,,,
44,1,2,24.1,165500000,167200000,chr1,q24.1,gpos50,,,,
45,1,2,24.2,167200000,170900000,chr1,q24.2,gneg,,,,
46,1,2,24.3,170900000,172900000,chr1,q24.3,gpos75,,,,
47,1,2,25.1,172900000,176000000,chr1,q25.1,gneg,,,,
48,1,2,25.2,176000000,180300000,chr1,q25.2,gpos50,,,,
49,1,2,25.3,180300000,185800000,chr1,q25.3,gneg,,,,
50,1,2,31.1,185800000,190800000,chr1,q31.1,gpos100,,,,
51,1,2,31.2,190800000,193800000,chr1,q31.2,gneg,,,,
52,1,2,31.3,193800000,198700000,chr1,q31.3,gpos100,,,,
53,1,2,32.1,198700000,207200000,chr1,q32.1,gneg,,,,
54,1,2,32.2,207200000,211500000,chr1,q32.2,gpos25,,,,
55,1,2,32.3,211500000,214500000,chr1,q32.3,gneg,,,,
56,1,2,41,214500000,224100000,chr1,q41,gpos100,,,,
57,1,2,42.11,224100000,224600000,chr1,q42.11,gneg,,,,
58,1,2,42.12,224600000,227000000,chr1,q42.12,gpos25,,,,
59,1,2,42.13,227000000,230700000,chr1,q42.13,gneg,,,,
60,1,2,42.2,230700000,234700000,chr1,q42.2,gpos50,,,,
61,1,2,42.3,234700000,236600000,chr1,q42.3,gneg,,,,
62,1,2,43,236600000,243700000,chr1,q43,gpos75,,,,
63,1,2,44,243700000,249250621,chr1,q44,gneg,,,,
64,2,1,25.3,0,4400000,chr2,p25.3,gneg,,,,
65,2,1,25.2,4400000,7100000,chr2,p25.2,gpos50,,,,
66,2,1,25.1,7100000,12200000,chr2,p25.1,gneg,,,,
67,2,1,24.3,12200000,16700000,chr2,p24.3,gpos75,,,,
68,2,1,24.2,16700000,19200000,chr2,p24.2,gneg,,,,
69,2,1,24.1,19200000,24000000,chr2,p24.1,gpos75,,,,
70,2,1,23.3,24000000,27900000,chr2,p23.3,gneg,,,,
71,2,1,23.2,27900000,30000000,chr2,p23.2,gpos25,,,,
72,2,1,23.1,30000000,32100000,chr2,p23.1,gneg,,,,
73,2,1,22.3,32100000,36600000,chr2,p22.3,gpos75,,,,
74,2,1,22.2,36600000,38600000,chr2,p22.2,gneg,,,,
75,2,1,22.1,38600000,41800000,chr2,p22.1,gpos50,,,,
76,2,1,21,41800000,47800000,chr2,p21,gneg,,,,
77,2,1,16.3,47800000,52900000,chr2,p16.3,gpos100,,,,
78,2,1,16.2,52900000,55000000,chr2,p16.2,gneg,,,,
79,2,1,16.1,55000000,61300000,chr2,p16.1,gpos100,,,,
80,2,1,15,61300000,64100000,chr2,p15,gneg,,,,
81,2,1,14,64100000,68600000,chr2,p14,gpos50,,,,
82,2,1,13.3,68600000,71500000,chr2,p13.3,gneg,,,,
83,2,1,13.2,71500000,73500000,chr2,p13.2,gpos50,,,,
84,2,1,13.1,73500000,75000000,chr2,p13.1,gneg,,,,
85,2,1,12,75000000,83300000,chr2,p12,gpos100,,,,
86,2,1,11.2,83300000,90500000,chr2,p11.2,gneg,,,,
87,2,1,11.1,90500000,93300000,chr2,p11.1,acen,,,,
88,2,2,11.1,93300000,96800000,chr2,q11.1,acen,,,,
89,2,2,11.2,96800000,102700000,chr2,q11.2,gneg,,,,
90,2,2,12.1,102700000,106000000,chr2,q12.1,gpos50,,,,
91,2,2,12.2,106000000,107500000,chr2,q12.2,gneg,,,,
92,2,2,12.3,107500000,110200000,chr2,q12.3,gpos25,,,,
93,2,2,13,110200000,114400000,chr2,q13,gneg,,,,
94,2,2,14.1,114400000,118800000,chr2,q14.1,gpos50,,,,
95,2,2,14.2,118800000,122400000,chr2,q14.2,gneg,,,,
96,2,2,14.3,122400000,129900000,chr2,q14.3,gpos50,,,,
97,2,2,21.1,129900000,132500000,chr2,q21.1,gneg,,,,
98,2,2,21.2,132500000,135100000,chr2,q21.2,gpos25,,,,
99,2,2,21.3,135100000,136800000,chr2,q21.3,gneg,,,,
100,2,2,22.1,136800000,142200000,chr2,q22.1,gpos100,,,,
101,2,2,22.2,142200000,144100000,chr2,q22.2,gneg,,,,
102,2,2,22.3,144100000,148700000,chr2,q22.3,gpos100,,,,
103,2,2,23.1,148700000,149900000,chr2,q23.1,gneg,,,,
104,2,2,23.2,149900000,150500000,chr2,q23.2,gpos25,,,,
105,2,2,23.3,150500000,154900000,chr2,q23.3,gneg,,,,
106,2,2,24.1,154900000,159800000,chr2,q24.1,gpos75,,,,
107,2,2,24.2,159800000,163700000,chr2,q24.2,gneg,,,,
108,2,2,24.3,163700000,169700000,chr2,q24.3,gpos75,,,,
109,2,2,31.1,169700000,178000000,chr2,q31.1,gneg,,,,
110,2,2,31.2,178000000,180600000,chr2,q31.2,gpos50,,,,
111,2,2,31.3,180600000,183000000,chr2,q31.3,gneg,,,,
112,2,2,32.1,183000000,189400000,chr2,q32.1,gpos75,,,,
113,2,2,32.2,189400000,191900000,chr2,q32.2,gneg,,,,
114,2,2,32.3,191900000,197400000,chr2,q32.3,gpos75,,,,
115,2,2,33.1,197400000,203300000,chr2,q33.1,gneg,,,,
116,2,2,33.2,203300000,204900000,chr2,q33.2,gpos50,,,,
117,2,2,33.3,204900000,209000000,chr2,q33.3,gneg,,,,
118,2,2,34,209000000,215300000,chr2,q34,gpos100,,,,
119,2,2,35,215300000,221500000,chr2,q35,gneg,,,,
120,2,2,36.1,221500000,225200000,chr2,q36.1,gpos75,,,,
121,2,2,36.2,225200000,226100000,chr2,q36.2,gneg,,,,
122,2,2,36.3,226100000,231000000,chr2,q36.3,gpos100,,,,
123,2,2,37.1,231000000,235600000,chr2,q37.1,gneg,,,,
124,2,2,37.2,235600000,237300000,chr2,q37.2,gpos50,,,,
125,2,2,37.3,237300000,243199373,chr2,q37.3,gneg,,,,
126,3,1,26.3,0,2800000,chr3,p26.3,gpos50,,,,
127,3,1,26.2,2800000,4000000,chr3,p26.2,gneg,,,,
128,3,1,26.1,4000000,8700000,chr3,p26.1,gpos50,,,,
129,3,1,25.3,8700000,11800000,chr3,p25.3,gneg,,,,
130,3,1,25.2,11800000,13300000,chr3,p25.2,gpos25,,,,
131,3,1,25.1,13300000,16400000,chr3,p25.1,gneg,,,,
132,3,1,24.3,16400000,23900000,chr3,p24.3,gpos100,,,,
133,3,1,24.2,23900000,26400000,chr3,p24.2,gneg,,,,
134,3,1,24.1,26400000,30900000,chr3,p24.1,gpos75,,,,
135,3,1,23,30900000,32100000,chr3,p23,gneg,,,,
136,3,1,22.3,32100000,36500000,chr3,p22.3,gpos50,,,,
137,3,1,22.2,36500000,39400000,chr3,p22.2,gneg,,,,
138,3,1,22.1,39400000,43700000,chr3,p22.1,gpos75,,,,
139,3,1,21.33,43700000,44100000,chr3,p21.33,gneg,,,,
140,3,1,21.32,44100000,44200000,chr3,p21.32,gpos50,,,,
141,3,1,21.31,44200000,50600000,chr3,p21.31,gneg,,,,
142,3,1,21.2,50600000,52300000,chr3,p21.2,gpos25,,,,
143,3,1,21.1,52300000,54400000,chr3,p21.1,gneg,,,,
144,3,1,14.3,54400000,58600000,chr3,p14.3,gpos50,,,,
145,3,1,14.2,58600000,63700000,chr3,p14.2,gneg,,,,
146,3,1,14.1,63700000,69800000,chr3,p14.1,gpos50,,,,
147,3,1,13,69800000,74200000,chr3,p13,gneg,,,,
148,3,1,12.3,74200000,79800000,chr3,p12.3,gpos75,,,,
149,3,1,12.2,79800000,83500000,chr3,p12.2,gneg,,,,
150,3,1,12.1,83500000,87200000,chr3,p12.1,gpos75,,,,
151,3,1,11.2,87200000,87900000,chr3,p11.2,gneg,,,,
152,3,1,11.1,87900000,91000000,chr3,p11.1,acen,,,,
153,3,2,11.1,91000000,93900000,chr3,q11.1,acen,,,,
154,3,2,11.2,93900000,98300000,chr3,q11.2,gvar,,,,
155,3,2,12.1,98300000,100000000,chr3,q12.1,gneg,,,,
156,3,2,12.2,100000000,100900000,chr3,q12.2,gpos25,,,,
157,3,2,12.3,100900000,102800000,chr3,q12.3,gneg,,,,
158,3,2,13.11,102800000,106200000,chr3,q13.11,gpos75,,,,
159,3,2,13.12,106200000,107900000,chr3,q13.12,gneg,,,,
160,3,2,13.13,107900000,111300000,chr3,q13.13,gpos50,,,,
161,3,2,13.2,111300000,113500000,chr3,q13.2,gneg,,,,
162,3,2,13.31,113500000,117300000,chr3,q13.31,gpos75,,,,
163,3,2,13.32,117300000,119000000,chr3,q13.32,gneg,,,,
164,3,2,13.33,119000000,121900000,chr3,q13.33,gpos75,,,,
165,3,2,21.1,121900000,123800000,chr3,q21.1,gneg,,,,
166,3,2,21.2,123800000,125800000,chr3,q21.2,gpos25,,,,
167,3,2,21.3,125800000,129200000,chr3,q21.3,gneg,,,,
168,3,2,22.1,129200000,133700000,chr3,q22.1,gpos25,,,,
169,3,2,22.2,133700000,135700000,chr3,q22.2,gneg,,,,
170,3,2,22.3,135700000,138700000,chr3,q22.3,gpos25,,,,
171,3,2,23,138700000,142800000,chr3,q23,gneg,,,,
172,3,2,24,142800000,148900000,chr3,q24,gpos100,,,,
173,3,2,25.1,148900000,152100000,chr3,q25.1,gneg,,,,
174,3,2,25.2,152100000,155000000,chr3,q25.2,gpos50,,,,
175,3,2,25.31,155000000,157000000,chr3,q25.31,gneg,,,,
176,3,2,25.32,157000000,159000000,chr3,q25.32,gpos50,,,,
177,3,2,25.33,159000000,160700000,chr3,q25.33,gneg,,,,
178,3,2,26.1,160700000,167600000,chr3,q26.1,gpos100,,,,
179,3,2,26.2,167600000,170900000,chr3,q26.2,gneg,,,,
180,3,2,26.31,170900000,175700000,chr3,q26.31,gpos75,,,,
181,3,2,26.32,175700000,179000000,chr3,q26.32,gneg,,,,
182,3,2,26.33,179000000,182700000,chr3,q26.33,gpos75,,,,
183,3,2,27.1,182700000,184500000,chr3,q27.1,gneg,,,,
184,3,2,27.2,184500000,186000000,chr3,q27.2,gpos25,,,,
185,3,2,27.3,186000000,187900000,chr3,q27.3,gneg,,,,
186,3,2,28,187900000,192300000,chr3,q28,gpos75,,,,
187,3,2,29,192300000,198022430,chr3,q29,gneg,,,,
188,4,1,16.3,0,4500000,chr4,p16.3,gneg,,,,
189,4,1,16.2,4500000,6000000,chr4,p16.2,gpos25,,,,
190,4,1,16.1,6000000,11300000,chr4,p16.1,gneg,,,,
191,4,1,15.33,11300000,15200000,chr4,p15.33,gpos50,,,,
192,4,1,15.32,15200000,17800000,chr4,p15.32,gneg,,,,
193,4,1,15.31,17800000,21300000,chr4,p15.31,gpos75,,,,
194,4,1,15.2,21300000,27700000,chr4,p15.2,gneg,,,,
195,4,1,15.1,27700000,35800000,chr4,p15.1,gpos100,,,,
196,4,1,14,35800000,41200000,chr4,p14,gneg,,,,
197,4,1,13,41200000,44600000,chr4,p13,gpos50,,,,
198,4,1,12,44600000,48200000,chr4,p12,gneg,,,,
199,4,1,11,48200000,50400000,chr4,p11,acen,,,,
200,4,2,11,50400000,52700000,chr4,q11,acen,,,,
201,4,2,12,52700000,59500000,chr4,q12,gneg,,,,
202,4,2,13.1,59500000,66600000,chr4,q13.1,gpos100,,,,
203,4,2,13.2,66600000,70500000,chr4,q13.2,gneg,,,,
204,4,2,13.3,70500000,76300000,chr4,q13.3,gpos75,,,,
205,4,2,21.1,76300000,78900000,chr4,q21.1,gneg,,,,
206,4,2,21.21,78900000,82400000,chr4,q21.21,gpos50,,,,
207,4,2,21.22,82400000,84100000,chr4,q21.22,gneg,,,,
208,4,2,21.23,84100000,86900000,chr4,q21.23,gpos25,,,,
209,4,2,21.3,86900000,88000000,chr4,q21.3,gneg,,,,
210,4,2,22.1,88000000,93700000,chr4,q22.1,gpos75,,,,
211,4,2,22.2,93700000,95100000,chr4,q22.2,gneg,,,,
212,4,2,22.3,95100000,98800000,chr4,q22.3,gpos75,,,,
213,4,2,23,98800000,101100000,chr4,q23,gneg,,,,
214,4,2,24,101100000,107700000,chr4,q24,gpos50,,,,
215,4,2,25,107700000,114100000,chr4,q25,gneg,,,,
216,4,2,26,114100000,120800000,chr4,q26,gpos75,,,,
217,4,2,27,120800000,123800000,chr4,q27,gneg,,,,
218,4,2,28.1,123800000,128800000,chr4,q28.1,gpos50,,,,
219,4,2,28.2,128800000,131100000,chr4,q28.2,gneg,,,,
220,4,2,28.3,131100000,139500000,chr4,q28.3,gpos100,,,,
221,4,2,31.1,139500000,141500000,chr4,q31.1,gneg,,,,
222,4,2,31.21,141500000,146800000,chr4,q31.21,gpos25,,,,
223,4,2,31.22,146800000,148500000,chr4,q31.22,gneg,,,,
224,4,2,31.23,148500000,151100000,chr4,q31.23,gpos25,,,,
225,4,2,31.3,151100000,155600000,chr4,q31.3,gneg,,,,
226,4,2,32.1,155600000,161800000,chr4,q32.1,gpos100,,,,
227,4,2,32.2,161800000,164500000,chr4,q32.2,gneg,,,,
228,4,2,32.3,164500000,170100000,chr4,q32.3,gpos100,,,,
229,4,2,33,170100000,171900000,chr4,q33,gneg,,,,
230,4,2,34.1,171900000,176300000,chr4,q34.1,gpos75,,,,
231,4,2,34.2,176300000,177500000,chr4,q34.2,gneg,,,,
232,4,2,34.3,177500000,183200000,chr4,q34.3,gpos100,,,,
233,4,2,35.1,183200000,187100000,chr4,q35.1,gneg,,,,
234,4,2,35.2,187100000,191154276,chr4,q35.2,gpos25,,,,
235,5,1,15.33,0,4500000,chr5,p15.33,gneg,,,,
236,5,1,15.32,4500000,6300000,chr5,p15.32,gpos25,,,,
237,5,1,15.31,6300000,9800000,chr5,p15.31,gneg,,,,
238,5,1,15.2,9800000,15000000,chr5,p15.2,gpos50,,,,
239,5,1,15.1,15000000,18400000,chr5,p15.1,gneg,,,,
240,5,1,14.3,18400000,23300000,chr5,p14.3,gpos100,,,,
241,5,1,14.2,23300000,24600000,chr5,p14.2,gneg,,,,
242,5,1,14.1,24600000,28900000,chr5,p14.1,gpos100,,,,
243,5,1,13.3,28900000,33800000,chr5,p13.3,gneg,,,,
244,5,1,13.2,33800000,38400000,chr5,p13.2,gpos25,,,,
245,5,1,13.1,38400000,42500000,chr5,p13.1,gneg,,,,
246,5,1,12,42500000,46100000,chr5,p12,gpos50,,,,
247,5,1,11,46100000,48400000,chr5,p11,acen,,,,
248,5,2,11.1,48400000,50700000,chr5,q11.1,acen,,,,
249,5,2,11.2,50700000,58900000,chr5,q11.2,gneg,,,,
250,5,2,12.1,58900000,62900000,chr5,q12.1,gpos75,,,,
251,5,2,12.2,62900000,63200000,chr5,q12.2,gneg,,,,
252,5,2,12.3,63200000,66700000,chr5,q12.3,gpos75,,,,
253,5,2,13.1,66700000,68400000,chr5,q13.1,gneg,,,,
254,5,2,13.2,68400000,73300000,chr5,q13.2,gpos50,,,,
255,5,2,13.3,73300000,76900000,chr5,q13.3,gneg,,,,
256,5,2,14.1,76900000,81400000,chr5,q14.1,gpos50,,,,
257,5,2,14.2,81400000,82800000,chr5,q14.2,gneg,,,,
258,5,2,14.3,82800000,92300000,chr5,q14.3,gpos100,,,,
259,5,2,15,92300000,98200000,chr5,q15,gneg,,,,
260,5,2,21.1,98200000,102800000,chr5,q21.1,gpos100,,,,
261,5,2,21.2,102800000,104500000,chr5,q21.2,gneg,,,,
262,5,2,21.3,104500000,109600000,chr5,q21.3,gpos100,,,,
263,5,2,22.1,109600000,111500000,chr5,q22.1,gneg,,,,
264,5,2,22.2,111500000,113100000,chr5,q22.2,gpos50,,,,
265,5,2,22.3,113100000,115200000,chr5,q22.3,gneg,,,,
266,5,2,23.1,115200000,121400000,chr5,q23.1,gpos100,,,,
267,5,2,23.2,121400000,127300000,chr5,q23.2,gneg,,,,
268,5,2,23.3,127300000,130600000,chr5,q23.3,gpos100,,,,
269,5,2,31.1,130600000,136200000,chr5,q31.1,gneg,,,,
270,5,2,31.2,136200000,139500000,chr5,q31.2,gpos25,,,,
271,5,2,31.3,139500000,144500000,chr5,q31.3,gneg,,,,
272,5,2,32,144500000,149800000,chr5,q32,gpos75,,,,
273,5,2,33.1,149800000,152700000,chr5,q33.1,gneg,,,,
274,5,2,33.2,152700000,155700000,chr5,q33.2,gpos50,,,,
275,5,2,33.3,155700000,159900000,chr5,q33.3,gneg,,,,
276,5,2,34,159900000,168500000,chr5,q34,gpos100,,,,
277,5,2,35.1,168500000,172800000,chr5,q35.1,gneg,,,,
278,5,2,35.2,172800000,176600000,chr5,q35.2,gpos25,,,,
279,5,2,35.3,176600000,180915260,chr5,q35.3,gneg,,,,
280,6,1,25.3,0,2300000,chr6,p25.3,gneg,,,,
281,6,1,25.2,2300000,4200000,chr6,p25.2,gpos25,,,,
282,6,1,25.1,4200000,7100000,chr6,p25.1,gneg,,,,
283,6,1,24.3,7100000,10600000,chr6,p24.3,gpos50,,,,
284,6,1,24.2,10600000,11600000,chr6,p24.2,gneg,,,,
285,6,1,24.1,11600000,13400000,chr6,p24.1,gpos25,,,,
286,6,1,23,13400000,15200000,chr6,p23,gneg,,,,
287,6,1,22.3,15200000,25200000,chr6,p22.3,gpos75,,,,
288,6,1,22.2,25200000,27000000,chr6,p22.2,gneg,,,,
289,6,1,22.1,27000000,30400000,chr6,p22.1,gpos50,,,,
290,6,1,21.33,30400000,32100000,chr6,p21.33,gneg,,,,
291,6,1,21.32,32100000,33500000,chr6,p21.32,gpos25,,,,
292,6,1,21.31,33500000,36600000,chr6,p21.31,gneg,,,,
293,6,1,21.2,36600000,40500000,chr6,p21.2,gpos25,,,,
294,6,1,21.1,40500000,46200000,chr6,p21.1,gneg,,,,
295,6,1,12.3,46200000,51800000,chr6,p12.3,gpos100,,,,
296,6,1,12.2,51800000,52900000,chr6,p12.2,gneg,,,,
297,6,1,12.1,52900000,57000000,chr6,p12.1,gpos100,,,,
298,6,1,11.2,57000000,58700000,chr6,p11.2,gneg,,,,
299,6,1,11.1,58700000,61000000,chr6,p11.1,acen,,,,
300,6,2,11.1,61000000,63300000,chr6,q11.1,acen,,,,
301,6,2,11.2,63300000,63400000,chr6,q11.2,gneg,,,,
302,6,2,12,63400000,70000000,chr6,q12,gpos100,,,,
303,6,2,13,70000000,75900000,chr6,q13,gneg,,,,
304,6,2,14.1,75900000,83900000,chr6,q14.1,gpos50,,,,
305,6,2,14.2,83900000,84900000,chr6,q14.2,gneg,,,,
306,6,2,14.3,84900000,88000000,chr6,q14.3,gpos50,,,,
307,6,2,15,88000000,93100000,chr6,q15,gneg,,,,
308,6,2,16.1,93100000,99500000,chr6,q16.1,gpos100,,,,
309,6,2,16.2,99500000,100600000,chr6,q16.2,gneg,,,,
310,6,2,16.3,100600000,105500000,chr6,q16.3,gpos100,,,,
311,6,2,21,105500000,114600000,chr6,q21,gneg,,,,
312,6,2,22.1,114600000,118300000,chr6,q22.1,gpos75,,,,
313,6,2,22.2,118300000,118500000,chr6,q22.2,gneg,,,,
314,6,2,22.31,118500000,126100000,chr6,q22.31,gpos100,,,,
315,6,2,22.32,126100000,127100000,chr6,q22.32,gneg,,,,
316,6,2,22.33,127100000,130300000,chr6,q22.33,gpos75,,,,
317,6,2,23.1,130300000,131200000,chr6,q23.1,gneg,,,,
318,6,2,23.2,131200000,135200000,chr6,q23.2,gpos50,,,,
319,6,2,23.3,135200000,139000000,chr6,q23.3,gneg,,,,
320,6,2,24.1,139000000,142800000,chr6,q24.1,gpos75,,,,
321,6,2,24.2,142800000,145600000,chr6,q24.2,gneg,,,,
322,6,2,24.3,145600000,149000000,chr6,q24.3,gpos75,,,,
323,6,2,25.1,149000000,152500000,chr6,q25.1,gneg,,,,
324,6,2,25.2,152500000,155500000,chr6,q25.2,gpos50,,,,
325,6,2,25.3,155500000,161000000,chr6,q25.3,gneg,,,,
326,6,2,26,161000000,164500000,chr6,q26,gpos50,,,,
327,6,2,27,164500000,171115067,chr6,q27,gneg,,,,
328,7,1,22.3,0,2800000,chr7,p22.3,gneg,,,,
329,7,1,22.2,2800000,4500000,chr7,p22.2,gpos25,,,,
330,7,1,22.1,4500000,7300000,chr7,p22.1,gneg,,,,
331,7,1,21.3,7300000,13800000,chr7,p21.3,gpos100,,,,
332,7,1,21.2,13800000,16500000,chr7,p21.2,gneg,,,,
333,7,1,21.1,16500000,20900000,chr7,p21.1,gpos100,,,,
334,7,1,15.3,20900000,25500000,chr7,p15.3,gneg,,,,
335,7,1,15.2,25500000,28000000,chr7,p15.2,gpos50,,,,
336,7,1,15.1,28000000,28800000,chr7,p15.1,gneg,,,,
337,7,1,14.3,28800000,35000000,chr7,p14.3,gpos75,,,,
338,7,1,14.2,35000000,37200000,chr7,p14.2,gneg,,,,
339,7,1,14.1,37200000,43300000,chr7,p14.1,gpos75,,,,
340,7,1,13,43300000,45400000,chr7,p13,gneg,,,,
341,7,1,12.3,45400000,49000000,chr7,p12.3,gpos75,,,,
342,7,1,12.2,49000000,50500000,chr7,p12.2,gneg,,,,
343,7,1,12.1,50500000,54000000,chr7,p12.1,gpos75,,,,
344,7,1,11.2,54000000,58000000,chr7,p11.2,gneg,,,,
345,7,1,11.1,58000000,59900000,chr7,p11.1,acen,,,,
346,7,2,11.1,59900000,61700000,chr7,q11.1,acen,,,,
347,7,2,11.21,61700000,67000000,chr7,q11.21,gneg,,,,
348,7,2,11.22,67000000,72200000,chr7,q11.22,gpos50,,,,
349,7,2,11.23,72200000,77500000,chr7,q11.23,gneg,,,,
350,7,2,21.11,77500000,86400000,chr7,q21.11,gpos100,,,,
351,7,2,21.12,86400000,88200000,chr7,q21.12,gneg,,,,
352,7,2,21.13,88200000,91100000,chr7,q21.13,gpos75,,,,
353,7,2,21.2,91100000,92800000,chr7,q21.2,gneg,,,,
354,7,2,21.3,92800000,98000000,chr7,q21.3,gpos75,,,,
355,7,2,22.1,98000000,103800000,chr7,q22.1,gneg,,,,
356,7,2,22.2,103800000,104500000,chr7,q22.2,gpos50,,,,
357,7,2,22.3,104500000,107400000,chr7,q22.3,gneg,,,,
358,7,2,31.1,107400000,114600000,chr7,q31.1,gpos75,,,,
359,7,2,31.2,114600000,117400000,chr7,q31.2,gneg,,,,
360,7,2,31.31,117400000,121100000,chr7,q31.31,gpos75,,,,
361,7,2,31.32,121100000,123800000,chr7,q31.32,gneg,,,,
362,7,2,31.33,123800000,127100000,chr7,q31.33,gpos75,,,,
363,7,2,32.1,127100000,129200000,chr7,q32.1,gneg,,,,
364,7,2,32.2,129200000,130400000,chr7,q32.2,gpos25,,,,
365,7,2,32.3,130400000,132600000,chr7,q32.3,gneg,,,,
366,7,2,33,132600000,138200000,chr7,q33,gpos50,,,,
367,7,2,34,138200000,143100000,chr7,q34,gneg,,,,
368,7,2,35,143100000,147900000,chr7,q35,gpos75,,,,
369,7,2,36.1,147900000,152600000,chr7,q36.1,gneg,,,,
370,7,2,36.2,152600000,155100000,chr7,q36.2,gpos25,,,,
371,7,2,36.3,155100000,159138663,chr7,q36.3,gneg,,,,
372,8,1,23.3,0,2200000,chr8,p23.3,gneg,,,,
373,8,1,23.2,2200000,6200000,chr8,p23.2,gpos75,,,,
374,8,1,23.1,6200000,12700000,chr8,p23.1,gneg,,,,
375,8,1,22,12700000,19000000,chr8,p22,gpos100,,,,
376,8,1,21.3,19000000,23300000,chr8,p21.3,gneg,,,,
377,8,1,21.2,23300000,27400000,chr8,p21.2,gpos50,,,,
378,8,1,21.1,27400000,28800000,chr8,p21.1,gneg,,,,
379,8,1,12,28800000,36500000,chr8,p12,gpos75,,,,
380,8,1,11.23,36500000,38300000,chr8,p11.23,gneg,,,,
381,8,1,11.22,38300000,39700000,chr8,p11.22,gpos25,,,,
382,8,1,11.21,39700000,43100000,chr8,p11.21,gneg,,,,
383,8,1,11.1,43100000,45600000,chr8,p11.1,acen,,,,
384,8,2,11.1,45600000,48100000,chr8,q11.1,acen,,,,
385,8,2,11.21,48100000,52200000,chr8,q11.21,gneg,,,,
386,8,2,11.22,52200000,52600000,chr8,q11.22,gpos75,,,,
387,8,2,11.23,52600000,55500000,chr8,q11.23,gneg,,,,
388,8,2,12.1,55500000,61600000,chr8,q12.1,gpos50,,,,
389,8,2,12.2,61600000,62200000,chr8,q12.2,gneg,,,,
390,8,2,12.3,62200000,66000000,chr8,q12.3,gpos50,,,,
391,8,2,13.1,66000000,68000000,chr8,q13.1,gneg,,,,
392,8,2,13.2,68000000,70500000,chr8,q13.2,gpos50,,,,
393,8,2,13.3,70500000,73900000,chr8,q13.3,gneg,,,,
394,8,2,21.11,73900000,78300000,chr8,q21.11,gpos100,,,,
395,8,2,21.12,78300000,80100000,chr8,q21.12,gneg,,,,
396,8,2,21.13,80100000,84600000,chr8,q21.13,gpos75,,,,
397,8,2,21.2,84600000,86900000,chr8,q21.2,gneg,,,,
398,8,2,21.3,86900000,93300000,chr8,q21.3,gpos100,,,,
399,8,2,22.1,93300000,99000000,chr8,q22.1,gneg,,,,
400,8,2,22.2,99000000,101600000,chr8,q22.2,gpos25,,,,
401,8,2,22.3,101600000,106200000,chr8,q22.3,gneg,,,,
402,8,2,23.1,106200000,110500000,chr8,q23.1,gpos75,,,,
403,8,2,23.2,110500000,112100000,chr8,q23.2,gneg,,,,
404,8,2,23.3,112100000,117700000,chr8,q23.3,gpos100,,,,
405,8,2,24.11,117700000,119200000,chr8,q24.11,gneg,,,,
406,8,2,24.12,119200000,122500000,chr8,q24.12,gpos50,,,,
407,8,2,24.13,122500000,127300000,chr8,q24.13,gneg,,,,
408,8,2,24.21,127300000,131500000,chr8,q24.21,gpos50,,,,
409,8,2,24.22,131500000,136400000,chr8,q24.22,gneg,,,,
410,8,2,24.23,136400000,139900000,chr8,q24.23,gpos75,,,,
411,8,2,24.3,139900000,146364022,chr8,q24.3,gneg,,,,
412,9,1,24.3,0,2200000,chr9,p24.3,gneg,,,,
413,9,1,24.2,2200000,4600000,chr9,p24.2,gpos25,,,,
414,9,1,24.1,4600000,9000000,chr9,p24.1,gneg,,,,
415,9,1,23,9000000,14200000,chr9,p23,gpos75,,,,
416,9,1,22.3,14200000,16600000,chr9,p22.3,gneg,,,,
417,9,1,22.2,16600000,18500000,chr9,p22.2,gpos25,,,,
418,9,1,22.1,18500000,19900000,chr9,p22.1,gneg,,,,
419,9,1,21.3,19900000,25600000,chr9,p21.3,gpos100,,,,
420,9,1,21.2,25600000,28000000,chr9,p21.2,gneg,,,,
421,9,1,21.1,28000000,33200000,chr9,p21.1,gpos100,,,,
422,9,1,13.3,33200000,36300000,chr9,p13.3,gneg,,,,
423,9,1,13.2,36300000,38400000,chr9,p13.2,gpos25,,,,
424,9,1,13.1,38400000,41000000,chr9,p13.1,gneg,,,,
425,9,1,12,41000000,43600000,chr9,p12,gpos50,,,,
426,9,1,11.2,43600000,47300000,chr9,p11.2,gneg,,,,
427,9,1,11.1,47300000,49000000,chr9,p11.1,acen,,,,
428,9,2,11,49000000,50700000,chr9,q11,acen,,,,
429,9,2,12,50700000,65900000,chr9,q12,gvar,,,,
430,9,2,13,65900000,68700000,chr9,q13,gneg,,,,
431,9,2,21.11,68700000,72200000,chr9,q21.11,gpos25,,,,
432,9,2,21.12,72200000,74000000,chr9,q21.12,gneg,,,,
433,9,2,21.13,74000000,79200000,chr9,q21.13,gpos50,,,,
434,9,2,21.2,79200000,81100000,chr9,q21.2,gneg,,,,
435,9,2,21.31,81100000,84100000,chr9,q21.31,gpos50,,,,
436,9,2,21.32,84100000,86900000,chr9,q21.32,gneg,,,,
437,9,2,21.33,86900000,90400000,chr9,q21.33,gpos50,,,,
438,9,2,22.1,90400000,91800000,chr9,q22.1,gneg,,,,
439,9,2,22.2,91800000,93900000,chr9,q22.2,gpos25,,,,
440,9,2,22.31,93900000,96600000,chr9,q22.31,gneg,,,,
441,9,2,22.32,96600000,99300000,chr9,q22.32,gpos25,,,,
442,9,2,22.33,99300000,102600000,chr9,q22.33,gneg,,,,
443,9,2,31.1,102600000,108200000,chr9,q31.1,gpos100,,,,
444,9,2,31.2,108200000,111300000,chr9,q31.2,gneg,,,,
445,9,2,31.3,111300000,114900000,chr9,q31.3,gpos25,,,,
446,9,2,32,114900000,117700000,chr9,q32,gneg,,,,
447,9,2,33.1,117700000,122500000,chr9,q33.1,gpos75,,,,
448,9,2,33.2,122500000,125800000,chr9,q33.2,gneg,,,,
449,9,2,33.3,125800000,130300000,chr9,q33.3,gpos25,,,,
450,9,2,34.11,130300000,133500000,chr9,q34.11,gneg,,,,
451,9,2,34.12,133500000,134000000,chr9,q34.12,gpos25,,,,
452,9,2,34.13,134000000,135900000,chr9,q34.13,gneg,,,,
453,9,2,34.2,135900000,137400000,chr9,q34.2,gpos25,,,,
454,9,2,34.3,137400000,141213431,chr9,q34.3,gneg,,,,
455,10,1,15.3,0,3000000,chr10,p15.3,gneg,,,,
456,10,1,15.2,3000000,3800000,chr10,p15.2,gpos25,,,,
457,10,1,15.1,3800000,6600000,chr10,p15.1,gneg,,,,
458,10,1,14,6600000,12200000,chr10,p14,gpos75,,,,
459,10,1,13,12200000,17300000,chr10,p13,gneg,,,,
460,10,1,12.33,17300000,18600000,chr10,p12.33,gpos75,,,,
461,10,1,12.32,18600000,18700000,chr10,p12.32,gneg,,,,
462,10,1,12.31,18700000,22600000,chr10,p12.31,gpos75,,,,
463,10,1,12.2,22600000,24600000,chr10,p12.2,gneg,,,,
464,10,1,12.1,24600000,29600000,chr10,p12.1,gpos50,,,,
465,10,1,11.23,29600000,31300000,chr10,p11.23,gneg,,,,
466,10,1,11.22,31300000,34400000,chr10,p11.22,gpos25,,,,
467,10,1,11.21,34400000,38000000,chr10,p11.21,gneg,,,,
468,10,1,11.1,38000000,40200000,chr10,p11.1,acen,,,,
469,10,2,11.1,40200000,42300000,chr10,q11.1,acen,,,,
470,10,2,11.21,42300000,46100000,chr10,q11.21,gneg,,,,
471,10,2,11.22,46100000,49900000,chr10,q11.22,gpos25,,,,
472,10,2,11.23,49900000,52900000,chr10,q11.23,gneg,,,,
473,10,2,21.1,52900000,61200000,chr10,q21.1,gpos100,,,,
474,10,2,21.2,61200000,64500000,chr10,q21.2,gneg,,,,
475,10,2,21.3,64500000,70600000,chr10,q21.3,gpos100,,,,
476,10,2,22.1,70600000,74900000,chr10,q22.1,gneg,,,,
477,10,2,22.2,74900000,77700000,chr10,q22.2,gpos50,,,,
478,10,2,22.3,77700000,82000000,chr10,q22.3,gneg,,,,
479,10,2,23.1,82000000,87900000,chr10,q23.1,gpos100,,,,
480,10,2,23.2,87900000,89500000,chr10,q23.2,gneg,,,,
481,10,2,23.31,89500000,92900000,chr10,q23.31,gpos75,,,,
482,10,2,23.32,92900000,94100000,chr10,q23.32,gneg,,,,
483,10,2,23.33,94100000,97000000,chr10,q23.33,gpos50,,,,
484,10,2,24.1,97000000,99300000,chr10,q24.1,gneg,,,,
485,10,2,24.2,99300000,101900000,chr10,q24.2,gpos50,,,,
486,10,2,24.31,101900000,103000000,chr10,q24.31,gneg,,,,
487,10,2,24.32,103000000,104900000,chr10,q24.32,gpos25,,,,
488,10,2,24.33,104900000,105800000,chr10,q24.33,gneg,,,,
489,10,2,25.1,105800000,111900000,chr10,q25.1,gpos100,,,,
490,10,2,25.2,111900000,114900000,chr10,q25.2,gneg,,,,
491,10,2,25.3,114900000,119100000,chr10,q25.3,gpos75,,,,
492,10,2,26.11,119100000,121700000,chr10,q26.11,gneg,,,,
493,10,2,26.12,121700000,123100000,chr10,q26.12,gpos50,,,,
494,10,2,26.13,123100000,127500000,chr10,q26.13,gneg,,,,
495,10,2,26.2,127500000,130600000,chr10,q26.2,gpos50,,,,
496,10,2,26.3,130600000,135534747,chr10,q26.3,gneg,,,,
497,11,1,15.5,0,2800000,chr11,p15.5,gneg,,,,
498,11,1,15.4,2800000,10700000,chr11,p15.4,gpos50,,,,
499,11,1,15.3,10700000,12700000,chr11,p15.3,gneg,,,,
500,11,1,15.2,12700000,16200000,chr11,p15.2,gpos50,,,,
501,11,1,15.1,16200000,21700000,chr11,p15.1,gneg,,,,
502,11,1,14.3,21700000,26100000,chr11,p14.3,gpos100,,,,
503,11,1,14.2,26100000,27200000,chr11,p14.2,gneg,,,,
504,11,1,14.1,27200000,31000000,chr11,p14.1,gpos75,,,,
505,11,1,13,31000000,36400000,chr11,p13,gneg,,,,
506,11,1,12,36400000,43500000,chr11,p12,gpos100,,,,
507,11,1,11.2,43500000,48800000,chr11,p11.2,gneg,,,,
508,11,1,11.12,48800000,51600000,chr11,p11.12,gpos75,,,,
509,11,1,11.11,51600000,53700000,chr11,p11.11,acen,,,,
510,11,2,11,53700000,55700000,chr11,q11,acen,,,,
511,11,2,12.1,55700000,59900000,chr11,q12.1,gpos75,,,,
512,11,2,12.2,59900000,61700000,chr11,q12.2,gneg,,,,
513,11,2,12.3,61700000,63400000,chr11,q12.3,gpos25,,,,
514,11,2,13.1,63400000,65900000,chr11,q13.1,gneg,,,,
515,11,2,13.2,65900000,68400000,chr11,q13.2,gpos25,,,,
516,11,2,13.3,68400000,70400000,chr11,q13.3,gneg,,,,
517,11,2,13.4,70400000,75200000,chr11,q13.4,gpos50,,,,
518,11,2,13.5,75200000,77100000,chr11,q13.5,gneg,,,,
519,11,2,14.1,77100000,85600000,chr11,q14.1,gpos100,,,,
520,11,2,14.2,85600000,88300000,chr11,q14.2,gneg,,,,
521,11,2,14.3,88300000,92800000,chr11,q14.3,gpos100,,,,
522,11,2,21,92800000,97200000,chr11,q21,gneg,,,,
523,11,2,22.1,97200000,102100000,chr11,q22.1,gpos100,,,,
524,11,2,22.2,102100000,102900000,chr11,q22.2,gneg,,,,
525,11,2,22.3,102900000,110400000,chr11,q22.3,gpos100,,,,
526,11,2,23.1,110400000,112500000,chr11,q23.1,gneg,,,,
527,11,2,23.2,112500000,114500000,chr11,q23.2,gpos50,,,,
528,11,2,23.3,114500000,121200000,chr11,q23.3,gneg,,,,
529,11,2,24.1,121200000,123900000,chr11,q24.1,gpos50,,,,
530,11,2,24.2,123900000,127800000,chr11,q24.2,gneg,,,,
531,11,2,24.3,127800000,130800000,chr11,q24.3,gpos50,,,,
532,11,2,25,130800000,135006516,chr11,q25,gneg,,,,
533,12,1,13.33,0,3300000,chr12,p13.33,gneg,,,,
534,12,1,13.32,3300000,5400000,chr12,p13.32,gpos25,,,,
535,12,1,13.31,5400000,10100000,chr12,p13.31,gneg,,,,
536,12,1,13.2,10100000,12800000,chr12,p13.2,gpos75,,,,
537,12,1,13.1,12800000,14800000,chr12,p13.1,gneg,,,,
538,12,1,12.3,14800000,20000000,chr12,p12.3,gpos100,,,,
539,12,1,12.2,20000000,21300000,chr12,p12.2,gneg,,,,
540,12,1,12.1,21300000,26500000,chr12,p12.1,gpos100,,,,
541,12,1,11.23,26500000,27800000,chr12,p11.23,gneg,,,,
542,12,1,11.22,27800000,30700000,chr12,p11.22,gpos50,,,,
543,12,1,11.21,30700000,33300000,chr12,p11.21,gneg,,,,
544,12,1,11.1,33300000,35800000,chr12,p11.1,acen,,,,
545,12,2,11,35800000,38200000,chr12,q11,acen,,,,
546,12,2,12,38200000,46400000,chr12,q12,gpos100,,,,
547,12,2,13.11,46400000,49100000,chr12,q13.11,gneg,,,,
548,12,2,13.12,49100000,51500000,chr12,q13.12,gpos25,,,,
549,12,2,13.13,51500000,54900000,chr12,q13.13,gneg,,,,
550,12,2,13.2,54900000,56600000,chr12,q13.2,gpos25,,,,
551,12,2,13.3,56600000,58100000,chr12,q13.3,gneg,,,,
552,12,2,14.1,58100000,63100000,chr12,q14.1,gpos75,,,,
553,12,2,14.2,63100000,65100000,chr12,q14.2,gneg,,,,
554,12,2,14.3,65100000,67700000,chr12,q14.3,gpos50,,,,
555,12,2,15,67700000,71500000,chr12,q15,gneg,,,,
556,12,2,21.1,71500000,75700000,chr12,q21.1,gpos75,,,,
557,12,2,21.2,75700000,80300000,chr12,q21.2,gneg,,,,
558,12,2,21.31,80300000,86700000,chr12,q21.31,gpos100,,,,
559,12,2,21.32,86700000,89000000,chr12,q21.32,gneg,,,,
560,12,2,21.33,89000000,92600000,chr12,q21.33,gpos100,,,,
561,12,2,22,92600000,96200000,chr12,q22,gneg,,,,
562,12,2,23.1,96200000,101600000,chr12,q23.1,gpos75,,,,
563,12,2,23.2,101600000,103800000,chr12,q23.2,gneg,,,,
564,12,2,23.3,103800000,109000000,chr12,q23.3,gpos50,,,,
565,12,2,24.11,109000000,111700000,chr12,q24.11,gneg,,,,
566,12,2,24.12,111700000,112300000,chr12,q24.12,gpos25,,,,
567,12,2,24.13,112300000,114300000,chr12,q24.13,gneg,,,,
568,12,2,24.21,114300000,116800000,chr12,q24.21,gpos50,,,,
569,12,2,24.22,116800000,118100000,chr12,q24.22,gneg,,,,
570,12,2,24.23,118100000,120700000,chr12,q24.23,gpos50,,,,
571,12,2,24.31,120700000,125900000,chr12,q24.31,gneg,,,,
572,12,2,24.32,125900000,129300000,chr12,q24.32,gpos50,,,,
573,12,2,24.33,129300000,133851895,chr12,q24.33,gneg,,,,
574,13,1,13,0,4500000,chr13,p13,gvar,,,,
575,13,1,12,4500000,10000000,chr13,p12,stalk,,,,
576,13,1,11.2,10000000,16300000,chr13,p11.2,gvar,,,,
577,13,1,11.1,16300000,17900000,chr13,p11.1,acen,,,,
578,13,2,11,17900000,19500000,chr13,q11,acen,,,,
579,13,2,12.11,19500000,23300000,chr13,q12.11,gneg,,,,
580,13,2,12.12,23300000,25500000,chr13,q12.12,gpos25,,,,
581,13,2,12.13,25500000,27800000,chr13,q12.13,gneg,,,,
582,13,2,12.2,27800000,28900000,chr13,q12.2,gpos25,,,,
583,13,2,12.3,28900000,32200000,chr13,q12.3,gneg,,,,
584,13,2,13.1,32200000,34000000,chr13,q13.1,gpos50,,,,
585,13,2,13.2,34000000,35500000,chr13,q13.2,gneg,,,,
586,13,2,13.3,35500000,40100000,chr13,q13.3,gpos75,,,,
587,13,2,14.11,40100000,45200000,chr13,q14.11,gneg,,,,
588,13,2,14.12,45200000,45800000,chr13,q14.12,gpos25,,,,
589,13,2,14.13,45800000,47300000,chr13,q14.13,gneg,,,,
590,13,2,14.2,47300000,50900000,chr13,q14.2,gpos50,,,,
591,13,2,14.3,50900000,55300000,chr13,q14.3,gneg,,,,
592,13,2,21.1,55300000,59600000,chr13,q21.1,gpos100,,,,
593,13,2,21.2,59600000,62300000,chr13,q21.2,gneg,,,,
594,13,2,21.31,62300000,65700000,chr13,q21.31,gpos75,,,,
595,13,2,21.32,65700000,68600000,chr13,q21.32,gneg,,,,
596,13,2,21.33,68600000,73300000,chr13,q21.33,gpos100,,,,
597,13,2,22.1,73300000,75400000,chr13,q22.1,gneg,,,,
598,13,2,22.2,75400000,77200000,chr13,q22.2,gpos50,,,,
599,13,2,22.3,77200000,79000000,chr13,q22.3,gneg,,,,
600,13,2,31.1,79000000,87700000,chr13,q31.1,gpos100,,,,
601,13,2,31.2,87700000,90000000,chr13,q31.2,gneg,,,,
602,13,2,31.3,90000000,95000000,chr13,q31.3,gpos100,,,,
603,13,2,32.1,95000000,98200000,chr13,q32.1,gneg,,,,
604,13,2,32.2,98200000,99300000,chr13,q32.2,gpos25,,,,
605,13,2,32.3,99300000,101700000,chr13,q32.3,gneg,,,,
606,13,2,33.1,101700000,104800000,chr13,q33.1,gpos100,,,,
607,13,2,33.2,104800000,107000000,chr13,q33.2,gneg,,,,
608,13,2,33.3,107000000,110300000,chr13,q33.3,gpos100,,,,
609,13,2,34,110300000,115169878,chr13,q34,gneg,,,,
610,14,1,13,0,3700000,chr14,p13,gvar,,,,
611,14,1,12,3700000,8100000,chr14,p12,stalk,,,,
612,14,1,11.2,8100000,16100000,chr14,p11.2,gvar,,,,
613,14,1,11.1,16100000,17600000,chr14,p11.1,acen,,,,
614,14,2,11.1,17600000,19100000,chr14,q11.1,acen,,,,
615,14,2,11.2,19100000,24600000,chr14,q11.2,gneg,,,,
616,14,2,12,24600000,33300000,chr14,q12,gpos100,,,,
617,14,2,13.1,33300000,35300000,chr14,q13.1,gneg,,,,
618,14,2,13.2,35300000,36600000,chr14,q13.2,gpos50,,,,
619,14,2,13.3,36600000,37800000,chr14,q13.3,gneg,,,,
620,14,2,21.1,37800000,43500000,chr14,q21.1,gpos100,,,,
621,14,2,21.2,43500000,47200000,chr14,q21.2,gneg,,,,
622,14,2,21.3,47200000,50900000,chr14,q21.3,gpos100,,,,
623,14,2,22.1,50900000,54100000,chr14,q22.1,gneg,,,,
624,14,2,22.2,54100000,55500000,chr14,q22.2,gpos25,,,,
625,14,2,22.3,55500000,58100000,chr14,q22.3,gneg,,,,
626,14,2,23.1,58100000,62100000,chr14,q23.1,gpos75,,,,
627,14,2,23.2,62100000,64800000,chr14,q23.2,gneg,,,,
628,14,2,23.3,64800000,67900000,chr14,q23.3,gpos50,,,,
629,14,2,24.1,67900000,70200000,chr14,q24.1,gneg,,,,
630,14,2,24.2,70200000,73800000,chr14,q24.2,gpos50,,,,
631,14,2,24.3,73800000,79300000,chr14,q24.3,gneg,,,,
632,14,2,31.1,79300000,83600000,chr14,q31.1,gpos100,,,,
633,14,2,31.2,83600000,84900000,chr14,q31.2,gneg,,,,
634,14,2,31.3,84900000,89800000,chr14,q31.3,gpos100,,,,
635,14,2,32.11,89800000,91900000,chr14,q32.11,gneg,,,,
636,14,2,32.12,91900000,94700000,chr14,q32.12,gpos25,,,,
637,14,2,32.13,94700000,96300000,chr14,q32.13,gneg,,,,
638,14,2,32.2,96300000,101400000,chr14,q32.2,gpos50,,,,
639,14,2,32.31,101400000,103200000,chr14,q32.31,gneg,,,,
640,14,2,32.32,103200000,104000000,chr14,q32.32,gpos50,,,,
641,14,2,32.33,104000000,107349540,chr14,q32.33,gneg,,,,
642,15,1,13,0,3900000,chr15,p13,gvar,,,,
643,15,1,12,3900000,8700000,chr15,p12,stalk,,,,
644,15,1,11.2,8700000,15800000,chr15,p11.2,gvar,,,,
645,15,1,11.1,15800000,19000000,chr15,p11.1,acen,,,,
646,15,2,11.1,19000000,20700000,chr15,q11.1,acen,,,,
647,15,2,11.2,20700000,25700000,chr15,q11.2,gneg,,,,
648,15,2,12,25700000,28100000,chr15,q12,gpos50,,,,
649,15,2,13.1,28100000,30300000,chr15,q13.1,gneg,,,,
650,15,2,13.2,30300000,31200000,chr15,q13.2,gpos50,,,,
651,15,2,13.3,31200000,33600000,chr15,q13.3,gneg,,,,
652,15,2,14,33600000,40100000,chr15,q14,gpos75,,,,
653,15,2,15.1,40100000,42800000,chr15,q15.1,gneg,,,,
654,15,2,15.2,42800000,43600000,chr15,q15.2,gpos25,,,,
655,15,2,15.3,43600000,44800000,chr15,q15.3,gneg,,,,
656,15,2,21.1,44800000,49500000,chr15,q21.1,gpos75,,,,
657,15,2,21.2,49500000,52900000,chr15,q21.2,gneg,,,,
658,15,2,21.3,52900000,59100000,chr15,q21.3,gpos75,,,,
659,15,2,22.1,59100000,59300000,chr15,q22.1,gneg,,,,
660,15,2,22.2,59300000,63700000,chr15,q22.2,gpos25,,,,
661,15,2,22.31,63700000,67200000,chr15,q22.31,gneg,,,,
662,15,2,22.32,67200000,67300000,chr15,q22.32,gpos25,,,,
663,15,2,22.33,67300000,67500000,chr15,q22.33,gneg,,,,
664,15,2,23,67500000,72700000,chr15,q23,gpos25,,,,
665,15,2,24.1,72700000,75200000,chr15,q24.1,gneg,,,,
666,15,2,24.2,75200000,76600000,chr15,q24.2,gpos25,,,,
667,15,2,24.3,76600000,78300000,chr15,q24.3,gneg,,,,
668,15,2,25.1,78300000,81700000,chr15,q25.1,gpos50,,,,
669,15,2,25.2,81700000,85200000,chr15,q25.2,gneg,,,,
670,15,2,25.3,85200000,89100000,chr15,q25.3,gpos50,,,,
671,15,2,26.1,89100000,94300000,chr15,q26.1,gneg,,,,
672,15,2,26.2,94300000,98500000,chr15,q26.2,gpos50,,,,
673,15,2,26.3,98500000,102531392,chr15,q26.3,gneg,,,,
674,16,1,13.3,0,7900000,chr16,p13.3,gneg,,,,
675,16,1,13.2,7900000,10500000,chr16,p13.2,gpos50,,,,
676,16,1,13.13,10500000,12600000,chr16,p13.13,gneg,,,,
677,16,1,13.12,12600000,14800000,chr16,p13.12,gpos50,,,,
678,16,1,13.11,14800000,16800000,chr16,p13.11,gneg,,,,
679,16,1,12.3,16800000,21200000,chr16,p12.3,gpos50,,,,
680,16,1,12.2,21200000,24200000,chr16,p12.2,gneg,,,,
681,16,1,12.1,24200000,28100000,chr16,p12.1,gpos50,,,,
682,16,1,11.2,28100000,34600000,chr16,p11.2,gneg,,,,
683,16,1,11.1,34600000,36600000,chr16,p11.1,acen,,,,
684,16,2,11.1,36600000,38600000,chr16,q11.1,acen,,,,
685,16,2,11.2,38600000,47000000,chr16,q11.2,gvar,,,,
686,16,2,12.1,47000000,52600000,chr16,q12.1,gneg,,,,
687,16,2,12.2,52600000,56700000,chr16,q12.2,gpos50,,,,
688,16,2,13,56700000,57400000,chr16,q13,gneg,,,,
689,16,2,21,57400000,66700000,chr16,q21,gpos100,,,,
690,16,2,22.1,66700000,70800000,chr16,q22.1,gneg,,,,
691,16,2,22.2,70800000,72900000,chr16,q22.2,gpos50,,,,
692,16,2,22.3,72900000,74100000,chr16,q22.3,gneg,,,,
693,16,2,23.1,74100000,79200000,chr16,q23.1,gpos75,,,,
694,16,2,23.2,79200000,81700000,chr16,q23.2,gneg,,,,
695,16,2,23.3,81700000,84200000,chr16,q23.3,gpos50,,,,
696,16,2,24.1,84200000,87100000,chr16,q24.1,gneg,,,,
697,16,2,24.2,87100000,88700000,chr16,q24.2,gpos25,,,,
698,16,2,24.3,88700000,90354753,chr16,q24.3,gneg,,,,
699,17,1,13.3,0,3300000,chr17,p13.3,gneg,,,,
700,17,1,13.2,3300000,6500000,chr17,p13.2,gpos50,,,,
701,17,1,13.1,6500000,10700000,chr17,p13.1,gneg,,,,
702,17,1,12,10700000,16000000,chr17,p12,gpos75,,,,
703,17,1,11.2,16000000,22200000,chr17,p11.2,gneg,,,,
704,17,1,11.1,22200000,24000000,chr17,p11.1,acen,,,,
705,17,2,11.1,24000000,25800000,chr17,q11.1,acen,,,,
706,17,2,11.2,25800000,31800000,chr17,q11.2,gneg,,,,
707,17,2,12,31800000,38100000,chr17,q12,gpos50,,,,
708,17,2,21.1,38100000,38400000,chr17,q21.1,gneg,,,,
709,17,2,21.2,38400000,40900000,chr17,q21.2,gpos25,,,,
710,17,2,21.31,40900000,44900000,chr17,q21.31,gneg,,,,
711,17,2,21.32,44900000,47400000,chr17,q21.32,gpos25,,,,
712,17,2,21.33,47400000,50200000,chr17,q21.33,gneg,,,,
713,17,2,22,50200000,57600000,chr17,q22,gpos75,,,,
714,17,2,23.1,57600000,58300000,chr17,q23.1,gneg,,,,
715,17,2,23.2,58300000,61100000,chr17,q23.2,gpos75,,,,
716,17,2,23.3,61100000,62600000,chr17,q23.3,gneg,,,,
717,17,2,24.1,62600000,64200000,chr17,q24.1,gpos50,,,,
718,17,2,24.2,64200000,67100000,chr17,q24.2,gneg,,,,
719,17,2,24.3,67100000,70900000,chr17,q24.3,gpos75,,,,
720,17,2,25.1,70900000,74800000,chr17,q25.1,gneg,,,,
721,17,2,25.2,74800000,75300000,chr17,q25.2,gpos25,,,,
722,17,2,25.3,75300000,81195210,chr17,q25.3,gneg,,,,
723,18,1,11.32,0,2900000,chr18,p11.32,gneg,,,,
724,18,1,11.31,2900000,7100000,chr18,p11.31,gpos50,,,,
725,18,1,11.23,7100000,8500000,chr18,p11.23,gneg,,,,
726,18,1,11.22,8500000,10900000,chr18,p11.22,gpos25,,,,
727,18,1,11.21,10900000,15400000,chr18,p11.21,gneg,,,,
728,18,1,11.1,15400000,17200000,chr18,p11.1,acen,,,,
729,18,2,11.1,17200000,19000000,chr18,q11.1,acen,,,,
730,18,2,11.2,19000000,25000000,chr18,q11.2,gneg,,,,
731,18,2,12.1,25000000,32700000,chr18,q12.1,gpos100,,,,
732,18,2,12.2,32700000,37200000,chr18,q12.2,gneg,,,,
733,18,2,12.3,37200000,43500000,chr18,q12.3,gpos75,,,,
734,18,2,21.1,43500000,48200000,chr18,q21.1,gneg,,,,
735,18,2,21.2,48200000,53800000,chr18,q21.2,gpos75,,,,
736,18,2,21.31,53800000,56200000,chr18,q21.31,gneg,,,,
737,18,2,21.32,56200000,59000000,chr18,q21.32,gpos50,,,,
738,18,2,21.33,59000000,61600000,chr18,q21.33,gneg,,,,
739,18,2,22.1,61600000,66800000,chr18,q22.1,gpos100,,,,
740,18,2,22.2,66800000,68700000,chr18,q22.2,gneg,,,,
741,18,2,22.3,68700000,73100000,chr18,q22.3,gpos25,,,,
742,18,2,23,73100000,78077248,chr18,q23,gneg,,,,
743,19,1,13.3,0,6900000,chr19,p13.3,gneg,,,,
744,19,1,13.2,6900000,13900000,chr19,p13.2,gpos25,,,,
745,19,1,13.13,13900000,14000000,chr19,p13.13,gneg,,,,
746,19,1,13.12,14000000,16300000,chr19,p13.12,gpos25,,,,
747,19,1,13.11,16300000,20000000,chr19,p13.11,gneg,,,,
748,19,1,12,20000000,24400000,chr19,p12,gvar,,,,
749,19,1,11,24400000,26500000,chr19,p11,acen,,,,
750,19,2,11,26500000,28600000,chr19,q11,acen,,,,
751,19,2,12,28600000,32400000,chr19,q12,gvar,,,,
752,19,2,13.11,32400000,35500000,chr19,q13.11,gneg,,,,
753,19,2,13.12,35500000,38300000,chr19,q13.12,gpos25,,,,
754,19,2,13.13,38300000,38700000,chr19,q13.13,gneg,,,,
755,19,2,13.2,38700000,43400000,chr19,q13.2,gpos25,,,,
756,19,2,13.31,43400000,45200000,chr19,q13.31,gneg,,,,
757,19,2,13.32,45200000,48000000,chr19,q13.32,gpos25,,,,
758,19,2,13.33,48000000,51400000,chr19,q13.33,gneg,,,,
759,19,2,13.41,51400000,53600000,chr19,q13.41,gpos25,,,,
760,19,2,13.42,53600000,56300000,chr19,q13.42,gneg,,,,
761,19,2,13.43,56300000,59128983,chr19,q13.43,gpos25,,,,
762,20,1,13,0,5100000,chr20,p13,gneg,,,,
763,20,1,12.3,5100000,9200000,chr20,p12.3,gpos75,,,,
764,20,1,12.2,9200000,12100000,chr20,p12.2,gneg,,,,
765,20,1,12.1,12100000,17900000,chr20,p12.1,gpos75,,,,
766,20,1,11.23,17900000,21300000,chr20,p11.23,gneg,,,,
767,20,1,11.22,21300000,22300000,chr20,p11.22,gpos25,,,,
768,20,1,11.21,22300000,25600000,chr20,p11.21,gneg,,,,
769,20,1,11.1,25600000,27500000,chr20,p11.1,acen,,,,
770,20,2,11.1,27500000,29400000,chr20,q11.1,acen,,,,
771,20,2,11.21,29400000,32100000,chr20,q11.21,gneg,,,,
772,20,2,11.22,32100000,34400000,chr20,q11.22,gpos25,,,,
773,20,2,11.23,34400000,37600000,chr20,q11.23,gneg,,,,
774,20,2,12,37600000,41700000,chr20,q12,gpos75,,,,
775,20,2,13.11,41700000,42100000,chr20,q13.11,gneg,,,,
776,20,2,13.12,42100000,46400000,chr20,q13.12,gpos25,,,,
777,20,2,13.13,46400000,49800000,chr20,q13.13,gneg,,,,
778,20,2,13.2,49800000,55000000,chr20,q13.2,gpos75,,,,
779,20,2,13.31,55000000,56500000,chr20,q13.31,gneg,,,,
780,20,2,13.32,56500000,58400000,chr20,q13.32,gpos50,,,,
781,20,2,13.33,58400000,63025520,chr20,q13.33,gneg,,,,
782,21,1,13,0,2800000,chr21,p13,gvar,,,,
783,21,1,12,2800000,6800000,chr21,p12,stalk,,,,
784,21,1,11.2,6800000,10900000,chr21,p11.2,gvar,,,,
785,21,1,11.1,10900000,13200000,chr21,p11.1,acen,,,,
786,21,2,11.1,13200000,14300000,chr21,q11.1,acen,,,,
787,21,2,11.2,14300000,16400000,chr21,q11.2,gneg,,,,
788,21,2,21.1,16400000,24000000,chr21,q21.1,gpos100,,,,
789,21,2,21.2,24000000,26800000,chr21,q21.2,gneg,,,,
790,21,2,21.3,26800000,31500000,chr21,q21.3,gpos75,,,,
791,21,2,22.11,31500000,35800000,chr21,q22.11,gneg,,,,
792,21,2,22.12,35800000,37800000,chr21,q22.12,gpos50,,,,
793,21,2,22.13,37800000,39700000,chr21,q22.13,gneg,,,,
794,21,2,22.2,39700000,42600000,chr21,q22.2,gpos50,,,,
795,21,2,22.3,42600000,48129895,chr21,q22.3,gneg,,,,
796,22,1,13,0,3800000,chr22,p13,gvar,,,,
797,22,1,12,3800000,8300000,chr22,p12,stalk,,,,
798,22,1,11.2,8300000,12200000,chr22,p11.2,gvar,,,,
799,22,1,11.1,12200000,14700000,chr22,p11.1,acen,,,,
800,22,2,11.1,14700000,17900000,chr22,q11.1,acen,,,,
801,22,2,11.21,17900000,22200000,chr22,q11.21,gneg,,,,
802,22,2,11.22,22200000,23500000,chr22,q11.22,gpos25,,,,
803,22,2,11.23,23500000,25900000,chr22,q11.23,gneg,,,,
804,22,2,12.1,25900000,29600000,chr22,q12.1,gpos50,,,,
805,22,2,12.2,29600000,32200000,chr22,q12.2,gneg,,,,
806,22,2,12.3,32200000,37600000,chr22,q12.3,gpos50,,,,
807,22,2,13.1,37600000,41000000,chr22,q13.1,gneg,,,,
808,22,2,13.2,41000000,44200000,chr22,q13.2,gpos50,,,,
809,22,2,13.31,44200000,48400000,chr22,q13.31,gneg,,,,
810,22,2,13.32,48400000,49400000,chr22,q13.32,gpos50,,,,
811,22,2,13.33,49400000,51304566,chr22,q13.33,gneg,,,,
812,23,1,22.33,0,4300000,chrX,p22.33,gneg,,,,
813,23,1,22.32,4300000,6000000,chrX,p22.32,gpos50,,,,
814,23,1,22.31,6000000,9500000,chrX,p22.31,gneg,,,,
815,23,1,22.2,9500000,17100000,chrX,p22.2,gpos50,,,,
816,23,1,22.13,17100000,19300000,chrX,p22.13,gneg,,,,
817,23,1,22.12,19300000,21900000,chrX,p22.12,gpos50,,,,
818,23,1,22.11,21900000,24900000,chrX,p22.11,gneg,,,,
819,23,1,21.3,24900000,29300000,chrX,p21.3,gpos100,,,,
820,23,1,21.2,29300000,31500000,chrX,p21.2,gneg,,,,
821,23,1,21.1,31500000,37600000,chrX,p21.1,gpos100,,,,
822,23,1,11.4,37600000,42400000,chrX,p11.4,gneg,,,,
823,23,1,11.3,42400000,46400000,chrX,p11.3,gpos75,,,,
824,23,1,11.23,46400000,49800000,chrX,p11.23,gneg,,,,
825,23,1,11.22,49800000,54800000,chrX,p11.22,gpos25,,,,
826,23,1,11.21,54800000,58100000,chrX,p11.21,gneg,,,,
827,23,1,11.1,58100000,60600000,chrX,p11.1,acen,,,,
828,23,2,11.1,60600000,63000000,chrX,q11.1,acen,,,,
829,23,2,11.2,63000000,64600000,chrX,q11.2,gneg,,,,
830,23,2,12,64600000,67800000,chrX,q12,gpos50,,,,
831,23,2,13.1,67800000,71800000,chrX,q13.1,gneg,,,,
832,23,2,13.2,71800000,73900000,chrX,q13.2,gpos50,,,,
833,23,2,13.3,73900000,76000000,chrX,q13.3,gneg,,,,
834,23,2,21.1,76000000,84600000,chrX,q21.1,gpos100,,,,
835,23,2,21.2,84600000,86200000,chrX,q21.2,gneg,,,,
836,23,2,21.31,86200000,91800000,chrX,q21.31,gpos100,,,,
837,23,2,21.32,91800000,93500000,chrX,q21.32,gneg,,,,
838,23,2,21.33,93500000,98300000,chrX,q21.33,gpos75,,,,
839,23,2,22.1,98300000,102600000,chrX,q22.1,gneg,,,,
840,23,2,22.2,102600000,103700000,chrX,q22.2,gpos50,,,,
841,23,2,22.3,103700000,108700000,chrX,q22.3,gneg,,,,
842,23,2,23,108700000,116500000,chrX,q23,gpos75,,,,
843,23,2,24,116500000,120900000,chrX,q24,gneg,,,,
844,23,2,25,120900000,128700000,chrX,q25,gpos100,,,,
845,23,2,26.1,128700000,130400000,chrX,q26.1,gneg,,,,
846,23,2,26.2,130400000,133600000,chrX,q26.2,gpos25,,,,
847,23,2,26.3,133600000,138000000,chrX,q26.3,gneg,,,,
848,23,2,27.1,138000000,140300000,chrX,q27.1,gpos75,,,,
849,23,2,27.2,140300000,142100000,chrX,q27.2,gneg,,,,
850,23,2,27.3,142100000,147100000,chrX,q27.3,gpos100,,,,
851,23,2,28,147100000,155270560,chrX,q28,gneg,,,,
852,24,1,11.32,0,2500000,chrY,p11.32,gneg,,,,
853,24,1,11.31,2500000,3000000,chrY,p11.31,gpos50,,,,
854,24,1,11.2,3000000,11600000,chrY,p11.2,gneg,,,,
855,24,1,11.1,11600000,12500000,chrY,p11.1,acen,,,,
856,24,2,11.1,12500000,13400000,chrY,q11.1,acen,,,,
857,24,2,11.21,13400000,15100000,chrY,q11.21,gneg,,,,
858,24,2,11.221,15100000,19800000,chrY,q11.221,gpos50,,,,
859,24,2,11.222,19800000,22100000,chrY,q11.222,gneg,,,,
860,24,2,11.223,22100000,26200000,chrY,q11.223,gpos50,,,,
861,24,2,11.23,26200000,28800000,chrY,q11.23,gneg,,,,
862,24,2,12,28800000,59373566,chrY,q12,gvar,,,,
